PassiveSkillGraphId,Name,Datafile Parsing Index
6,Twin Terrors,0
33,Lord of Drought,1
37,Martial Prowess,2
68,Hulking Corpses,3
203,Vinespike Cordial,4
408,Cooked Alive,5
529,Poisonous Fangs,6
544,Surveillance,7
570,Dazzling Strikes,8
784,Conjured Wall,9
861,Aggressive Bastion,10
907,Introspection,11
981,Furious Assault,12
1006,Potency of Will,13
1066,Seal Mender,14
1067,Wind-up,15
1325,Golem's Blood,16
1340,Rampart,17
1365,Knowledge Barrier,18
1382,Spirit Void,19
1405,From the Shadows,20
1478,Deadly Repartee,21
1494,Unspeakable Gifts,22
1568,Fatal Blade,23
1581,Non-Flammable,24
2004,Snaring Spirits,25
2220,Clarity of Purpose,26
2225,Eagle Eye,27
2264,Unholy Grace,28
2275,Nature's Concoction,29
2306,Corrosive Elements,30
2550,Arsonist,31
2599,Prepared Response,32
2655,Martial Momentum,33
2715,Quickstep,34
2796,Master the Fundamentals,35
2959,Season of Ice,36
2977,Overwhelming Malice,37
3195,Legacy of the Wilds,38
3309,Fleetfoot,39
3452,Foresight,40
3723,Wall of Muscle,41
3805,Force Multiplier,42
4094,Brewed for Potency,43
4177,Spiritual Aid,44
4205,Weight Advantage,45
4207,Window of Opportunity,46
4354,Beacon of Hope,47
4481,Forces of Nature,48
4641,Flexible Sentry,49
4833,Vigour,50
4854,Asylum,51
4918,Indiscriminate Revenge,52
4940,Cleaving,53
4942,Vivid Hues,54
4958,Liquid Inspiration,55
5075,Fasting,56
5126,Spinecruncher,57
5190,Burden Projection,58
5289,Battle Rouse,59
5430,Magmatic Strikes,60
5456,Might,61
5574,Force of Darkness,62
5624,Crusader,63
5781,Pure Agony,64
5823,Coordination,65
6233,Blast Waves,66
6237,Precision,67
6258,Blanketed Snow,68
6289,Bloodless,69
6553,Brutal Infamy,70
6615,Arcing Blows,71
6696,Haunting Shout,72
6703,Raze and Pillage,73
6770,Arcane Guarding,74
6783,Savage Skewering,75
6799,Charisma,76
6967,Safeguard,77
7039,Doryani's Lesson,78
7069,Split Shot,79
7085,Weapon Artistry,80
7107,Warning Call,81
7136,Master Sapper,82
7263,Swift Venoms,83
7279,Wish for Death,84
7343,Arcing Shot,85
7440,Harvester of Foes,86
7555,Crackling Speed,87
7688,Enduring Bond,88
7918,Enigmatic Defence,89
8001,Clever Thief,90
8135,Practical Application,91
8258,Rend,92
8458,Longshot,93
8833,Heart of Ice,94
8897,Dark Messenger,95
8920,Backstabbing,96
8949,Peak Vigour,97
9015,Dire Torment,98
9042,Enduring Ward,99
9055,Volatile Mines,100
9194,Merciless Skewering,101
9245,Readiness,102
9261,Disciple of the Forbidden,103
9276,Darting Movements,104
9372,Blood Artist,105
9432,Mental Rapidity,106
9495,Hound's Mark,107
9535,Hunter's Gambit,108
9567,Light Eater,109
9788,Nimbleness,110
9864,Growth and Decay,111
10016,Executioner,112
10115,Prodigal Perfection,113
10153,Physique,114
10355,Circling Oblivion,115
10409,Sage,116
10511,Tolerance,117
10542,Spiked Bulwark,118
10835,Dreamer,119
10952,Wrapped in Flame,120
11011,Rote Reinforcement,121
11199,Bodyguards,122
11318,Confident Combatant,123
11420,Arcanist's Dominion,124
11513,Conservation of Energy,125
11535,Skeletal Atrophy,126
11645,Breath of Lightning,127
11661,Powerful Assault,128
11730,Endurance,129
11784,Vampirism,130
11820,Anointed Flesh,131
11924,Breath of Flames,132
11995,Eternal Suffering,133
12033,Wicked Blade,134
12143,Influence,135
12149,Assert Dominance,136
12400,Shrieking Bolts,137
12702,Path of the Warrior,138
12795,Versatility,139
12806,Strike Leader,140
12809,Berserking,141
12867,Mindfulness,142
12878,Retaliation,143
13054,Overlord,144
13164,Divine Judgement,145
13375,Multishot,146
13392,Grand Design,147
13549,Blacksmith,148
13703,Defiant Stand,149
13739,Always Angry,150
13790,Smoking Remains,151
13812,Aerodynamics,152
13922,Steadfast,153
13935,Thrill of Battle,154
13950,Ancestral Inspiration,155
14001,Unfaltering,156
14061,Misery Everlasting,157
14079,"Wood, Stone, and Spell",158
14085,Thaumophage,159
14412,Dragon Hunter,160
14418,Master of Fear,161
14431,Martial Mastery,162
14518,Fuel the Fight,163
14587,Adaptive Steel,164
14606,Butchery,165
14665,Divine Wrath,166
14813,Revelry,167
15027,Beef,168
15046,Redemption,169
15085,Ambidexterity,170
15175,Daring Ideas,171
15226,Cruel Retort,172
15290,Watchtowers,173
15344,Freedom of Movement,174
15400,Skittering Runes,175
15437,Deflection,176
15538,Feast of Flesh,177
15614,Claws of the Hawk,178
15711,Blast Radius,179
15842,One With Nature,180
15852,Ethereal Feast,181
15990,Arcane Adept,182
16236,Toxic Strikes,183
16243,Fusillade,184
16246,Tranquility,185
16540,Doedre's Apathy,186
16650,Rotten Claws,187
16703,Skull Cracking,188
16952,Cult-Leader,189
17050,Prismatic Heart,190
17066,Empowered Envoy,191
17171,Flash Freeze,192
17255,Disorienting Display,193
17608,Silent Steps,194
17662,Tempt the Storm,195
17769,Pure Might,196
17816,Cry Wolf,197
17905,Lasting Impression,198
18025,Hard Knocks,199
18155,No Witnesses,200
18174,Mystic Bulwark,201
18357,Feline Swiftness,202
18412,Phlebotomist,203
18463,Battlefield Dominator,204
18624,Doedre's Spite,205
18703,Graceful Assault,206
18707,Perfectionist,207
18769,Written in Blood,208
18861,Deep Chill,209
18865,Melding,210
19069,Thick Skin,211
19103,Righteous Army,212
19144,Sentinel,213
19506,Path of the Hunter,214
19508,Hibernator,215
19686,Wasting Affliction,216
19723,Surging Vitality,217
19730,Assured Strike,218
19794,Concussive Force,219
19858,Herbalism,220
19897,Death Attunement,221
20241,Energy From Naught,222
20343,Inspired Oppression,223
20383,Careful Handling,224
20528,Instability,225
20533,Arcane Heroism,226
20605,No Forgiveness,227
20832,Sanctuary,228
20834,Broadside,229
20835,Brinkmanship,230
20968,Openness,231
20996,Fearsome Warrior,232
21228,Piercing Shots,233
21297,High Explosives,234
21330,Quick Recovery,235
21389,Runesmith,236
21413,Combat Stamina,237
21435,Cloth and Chain,238
21460,Breath of Rime,239
21602,Destructive Apparatus,240
21634,Arcane Chemistry,241
21688,Antivenom,242
21907,Uncompromising,243
21958,Cruel Preparation,244
21973,Decay Ward,245
22002,Capacitor,246
22133,Invigorating Blaze,247
22356,Hematophagy,248
22434,Surprise Sabotage,249
22535,Whispers of Doom,250
22540,Feasting Fiends,251
22581,Devastator,252
22607,Storm Drinker,253
22702,Serpent Stance,254
22704,Untouchable,255
22706,Savage Intensity,256
22972,Wandslinger,257
23038,Slaughter,258
23042,Aerialist,259
23066,Savagery,260
23113,Cold-Blooded Killer,261
23232,Insatiable Killer,262
23238,Quick Getaway,263
23335,Grim Oath,264
23549,Incorporeal,265
23690,Essence Infusion,266
23884,Holistic Health,267
23989,Veteran Defender,268
24038,Endbringer,269
24050,Coldhearted Calculation,270
24067,Instinct,271
24133,Survivalist,272
24256,Dynamo,273
24324,Explosive Impact,274
24357,Disciples,275
24358,Selective Precision,276
24362,Deep Thoughts,277
24383,Warrior's Blood,278
24484,Combat Rhythm,279
24645,Guerilla Tactics,280
24716,Battle Trance,281
24721,Ribcage Crusher,282
24858,Harpooner,283
24889,Mage Bane,284
25058,Blood Siphon,285
25178,Primal Spirit,286
25282,Spiked Concoction,287
25367,Blade Master,288
25409,Indomitable Army,289
25411,Infused,290
25439,Undertaker,291
25450,Mage Hunter,292
25456,Dervish,293
25563,Cold Conduction,294
25738,Relentless Pursuit,295
25938,Blizzard Caller,296
25966,Savage Response,297
25970,Acrimony,298
25989,Nomadic Teachings,299
26023,Savage Wounds,300
26096,Hatchet Master,301
26179,Student of Decay,302
26197,Feed the Fury,303
26294,Bloodletting,304
26322,Pure Guile,305
26557,Static Blows,306
26564,Vanquisher,307
26620,Corruption,308
26763,Perfected Formula,309
26839,Chip Away,310
26866,Sanctity,311
26960,Forethought,312
27119,Tribal Fury,313
27137,Sanctum of Thought,314
27163,Arcane Will,315
27190,Overprepared,316
27203,Heart and Soul,317
27301,Martial Experience,318
27308,Gravepact,319
27422,Spirit of War,320
27611,Lord of the Dead,321
27623,Harsh Lessons,322
27788,Blood Drinker,323
27806,As The Thunder,324
27929,Deep Wisdom,325
28015,Iron Breaker,326
28034,Empowered Bond,327
28146,Brush with Death,328
28338,Righteous Path,329
28384,Powerful Ward,330
28398,Precise Retaliation,331
28449,Surge of Vigour,332
28503,Life Raker,333
28551,Heraldry,334
28635,Vicious Skewering,335
28682,Overshock,336
28744,Mob Mentality,337
28754,Assassination,338
28878,Relentless,339
29049,Holy Fire,340
29096,Rot-Resistant,341
29193,Set and Forget,342
29381,Ravenous Horde,343
29450,Rattling Bellow,344
29522,Dance of Blades,345
29540,Master of Command,346
29748,Blowback,347
29764,Aggressive Defence,348
29861,Explosive Runes,349
30160,Fending,350
30225,Lightning Walker,351
30302,Hearty,352
30439,Lava Lash,353
30471,True Strike,354
30622,Storm's Hand,355
30693,Divine Fervour,356
30974,Expert Hunter,357
31033,Robust,358
31257,Natural Authority,359
31333,Frantic Aspect,360
31359,Fatal Toxins,361
31440,Ancestral Echo,362
31473,Master of Wounds,363
31508,Aspect of the Lynx,364
31513,Adjacent Animosity,365
31585,Careful Conservationist,366
31825,Paralysis,367
32031,Stubborn Student,368
32059,Titanic Impacts,369
32176,Soul Thief,370
32227,Adder's Touch,371
32245,Expertise,372
32259,Mortifying Aspect,373
32345,Alacrity,374
32415,Essence Rush,375
32455,Storm Weaver,376
32681,Mark the Prey,377
32738,Wall of Steel,378
32853,Sione's Ambition,379
32932,Sovereignty,380
33002,Explosive Force,381
33082,Razor's Edge,382
33182,Provocateur,383
33232,Self-Control,384
33287,Juggernaut,385
33435,Holy Dominion,386
33482,Master of Fire,387
33545,Harrier,388
33582,Forceful Skewering,389
33676,Antifreeze,390
33698,Will Shaper,391
33718,Champion of the Cause,392
33722,Hollow Effigy,393
33725,Swagger,394
33777,Devastating Devices,395
33903,Will of Blades,396
34009,Master of the Arena,397
34108,Mystical Ward,398
34173,Overcharge,399
34205,Practiced Caster,400
34284,Seasoned Swordplay,401
34506,Golem Commander,402
34581,Flow of Life,403
34591,Malicious Intent,404
34595,Wicked Pall,405
34601,Proficiency,406
34661,Fire Walker,407
34666,Destroyer,408
34973,Measured Fury,409
34978,Colloidal Mixture,410
35233,Discord Artisan,411
35363,Stoic Focus,412
35430,Thunderstruck,413
35436,Kinetic Impacts,414
35663,Strong Arm,415
35685,Fearsome Force,416
35790,Advance Guard,417
35894,Trickery,418
35958,Faith and Steel,419
36276,Brand Loyalty,420
36281,Primeval Force,421
36370,Low Tolerance,422
36455,Gladiatorial Combat,423
36490,Flaying,424
36645,Streamlined,425
36655,Lead By Example,426
36687,Avatar of the Hunt,427
36736,Burning Brutality,428
36776,Widespread Destruction,429
36807,Gladiator's Fortitude,430
36859,Steelwood Stance,431
36874,Wisdom of the Glade,432
36915,Sacrifice,433
36949,Devotion,434
37078,Path of the Savant,435
37326,Stamina,436
37358,Seeker Runes,437
37384,Compound Injury,438
37403,Infused Flesh,439
37425,Practised Reapplication,440
37478,Stormrider,441
37504,Intuition,442
37512,Bastion of Faith,443
37647,Dismembering,444
37882,Doedre's Gluttony,445
38246,Presage,446
38275,Unwavering Focus,447
38399,Septic Spells,448
38516,Righteous Decree,449
38563,Tempered Arrowheads,450
38592,Unwaveringly Evil,451
38633,Pressure Points,452
38683,Winter Prowler,453
38706,Way of the Warrior,454
38790,Heavy Hitter,455
38849,Searing Heat,456
38922,Goliath,457
39006,Bloodscent,458
39058,Quick and Deadly,459
39331,Heart of Iron,460
39530,Vitality Void,461
39657,Pain Forger,462
39738,Fan of Blades,463
39743,Dark Arts,464
39761,Counterweight,465
39874,Blast-Freeze,466
39904,Brutal Skewering,467
39986,Defiled Forces,468
40181,Elegant Form,469
40402,Invigorating Portents,470
40619,Awe and Terror,471
40645,Bone Breaker,472
40743,Crystal Skin,473
40828,Dark Ideation,474
40849,Persistence,475
40858,Adrenaline,476
40870,Snowstorm,477
41056,Opportunistic Fusilade,478
41119,Lethality,479
41137,Field Medicine,480
41169,Jagged Wounds,481
41284,Drive the Destruction,482
41305,Crushing Reply,483
41307,Deadly Inclinations,484
41420,Natural Remedies,485
41472,Discipline and Training,486
41476,Elder Power,487
41509,Mender's Wellspring,488
41594,Calamitous,489
41595,Marked for Death,490
41870,Winter's Embrace,491
41983,Vicious Bite,492
41989,Resourcefulness,493
42009,Soul of Steel,494
42024,Improvisor,495
42041,Profane Chemistry,496
42068,Follow-Through,497
42117,Sadist,498
42126,Blessed Rebirth,499
42145,Intensity,500
42305,Evil Eye,501
42313,Prismatic Dance,502
42338,Disorienting Wounds,503
42443,Frenetic,504
42530,Fire Attunement,505
42601,Exploit Weakness,506
42636,Holy Conquest,507
42648,Sap Psyche,508
42649,Snowforged,509
42686,Elemental Focus,510
42687,Graceful Execution,511
42720,Heavy Draw,512
42795,Arcane Focus,513
42804,Mind Drinker,514
42917,Whirling Barrier,515
42929,Victim Maker,516
43385,Winter Spirit,517
43689,Spiritual Command,518
43834,Scintillating Idea,519
44102,Efficient Explosives,520
44103,Reflexes,521
44191,As The Mountain,522
44203,Wizardry,523
44207,Testudo,524
44237,Prodigious Defence,525
44347,Divine Fury,526
44544,Basics of Pain,527
44562,Shaman's Dominion,528
44670,Smite the Weak,529
44731,Master of the Maelstrom,530
44788,Potent Connections,531
44824,Mysticism,532
44955,Frost Walker,533
44988,Wasting,534
45067,Thrill Killer,535
45128,Fan the Flames,536
45283,Cornered Prey,537
45317,"Ash, Frost and Storm",538
45329,Trick Shot,539
45608,Successive Detonations,540
45657,Trial of the Faith,541
45803,Veteran Soldier,542
45935,Unrestrained Focus,543
45945,Conjured Barrier,544
46074,Shifting Shadow,545
46264,Enduring Focus,546
46408,Fangs of the Viper,547
46471,Powerful Bond,548
46842,Arcane Potency,549
46904,Arcane Sanctuary,550
46965,Saboteur,551
47065,Master of Blades,552
47306,Throatseeker,553
47393,Spiteful Presence,554
47424,Steady Torment,555
47471,Overcharged,556
47484,Depth Perception,557
47584,Special Reserve,558
47743,Farsight,559
48298,Insightfulness,560
48438,Bravery,561
48550,Titanic Swings,562
48556,Heart of Darkness,563
48614,Fervour,564
48698,Void Barrier,565
48803,Molten One's Mark,566
48807,Art of the Gladiator,567
48823,Deadly Draw,568
48925,Expansive Might,569
49254,Retribution,570
49273,Touch of Cruelty,571
49318,Wrecking Ball,572
49379,Hired Killer,573
49416,Adamant,574
49445,Deep Breaths,575
49459,King of the Hill,576
49538,Defiance,577
49621,Acuity,578
49645,Cauterisation,579
49694,Peace Amidst Chaos,580
49772,Utmost Might,581
49969,Courage,582
50029,Unnatural Calm,583
50197,Ancestral Knowledge,584
50338,Ballistics,585
50690,Replenishing Remedies,586
50820,Militarism,587
50842,Veteran's Wrath,588
50858,Admonisher,589
51108,Arcane Capacitor,590
51212,Entropy,591
51360,Mixed Munitions,592
51421,Pure Aptitude,593
51440,Druidic Rite,594
51467,Astonishing Affliction,595
51523,Born of Chaos,596
51541,Eye of the Storm,597
51559,Smashing Strikes,598
51748,Last Rites,599
51870,Purposeful Harbinger,600
51881,Master Fletcher,601
52030,Burst of Energy,602
52031,Disintegration,603
52058,Arcane Pyrotechnics,604
52090,Feller of Foes,605
52157,Soul Siphon,606
52230,Weathered Hunter,607
52282,Tenacity,608
52544,Savour the Moment,609
52714,Prowess,610
52742,Hasty Demise,611
52789,Circle of Life,612
52844,Fettle,613
53013,Atrophy,614
53042,Exceptional Performance,615
53067,One with the Shield,616
53114,Revenge of the Hunted,617
53118,Barbarism,618
53285,Repeater,619
53318,Battle-Hardened,620
53493,Annihilation,621
53573,Arcane Expanse,622
53652,Steeped in the Profane,623
53757,Shamanistic Fury,624
53759,Cleansed Thoughts,625
53802,Essence Extraction,626
53840,Vengeance,627
54142,Finesse,628
54170,Eye to Eye,629
54209,Ancestral Guidance,630
54268,Blade Barrier,631
54382,Vital Focus,632
54436,Cold to the Core,633
54629,Inexorable,634
54694,Light of Divinity,635
54713,Force Shaper,636
54760,Expert Sabotage,637
54766,Prismatic Carapace,638
54776,Mana Flows,639
54791,Claws of the Magpie,640
54798,Insulated,641
55002,Righteous Fury,642
55022,Call to the Slaughter,643
55114,Utmost Intellect,644
55171,Dread March,645
55194,Settling Ash,646
55380,Clever Construction,647
55381,Arcane Retaliation,648
55485,Constitution,649
55714,Precise Focus,650
55772,Blacksmith's Clout,651
56029,Agility,652
56065,Burning Bright,653
56070,Exposure Therapy,654
56094,One with the River,655
56146,Deliberate Brutality,656
56207,Hardened Scars,657
56274,Lasting Tempest,658
56276,Nightstalker,659
56330,Flow of Battle,660
56359,Cannibalistic Rite,661
56648,Claws of the Falcon,662
56686,Ancestral Preservation,663
56696,Cremator,664
56716,Heart of Thunder,665
56760,Deep Cuts,666
56879,Haemorrhage,667
56886,Distilled Perfection,668
57006,Vengeant Cascade,669
57104,Evil Eye,670
57141,Disease Vector,671
57199,Fangs of Frost,672
57212,Ancestral Reach,673
57383,Sleepless Sentries,674
57572,Enduring Composure,675
57839,Blade of Cunning,676
57892,Primordial Bond,677
57900,Command of Steel,678
58032,Serpentine Spellslinger,679
58168,High Voltage,680
58189,Run Through,681
58198,Fingers of Frost,682
58218,Purity of Flesh,683
58221,Destructive Aspect,684
58248,Chilling Presence,685
58382,Renowned Deeds,686
58449,Born to Fight,687
58831,Disemboweling,688
58851,Leader of the Pack,689
58904,Alchemist,690
58921,Disciple of the Slaughter,691
58944,Vicious Guard,692
58949,Renewal,693
59151,Brutal Blade,694
59307,Remarkable,695
59350,Electric Presence,696
59423,Escalation,697
59556,Expeditious Munitions,698
59605,Unstable Munitions,699
59646,Supercharge,700
59766,Dirty Techniques,701
59866,Entrench,702
59976,Careful Counterattack,703
60002,Fury Bolts,704
60031,Prismatic Skin,705
60180,Thief's Craft,706
60501,Heart of Flame,707
60617,Magnifier,708
60619,Galvanic Hammer,709
60647,Second Skin,710
60690,Sublime Form,711
60737,Sleight of Hand,712
60781,Inspiring Bond,713
60864,Ancestral Might,714
60894,Wound Aggravation,715
61039,Wild Hunger,716
61043,Eldritch Inspiration,717
61190,Rallying Icon,718
61198,Heart of the Warrior,719
61308,Amplify,720
61474,Surefooted Striker,721
61549,Forbidden Words,722
61616,Volatile Presence,723
61689,Explosive Elements,724
61981,Doom Cast,725
61982,Grave Intentions,726
61998,Agent of Destruction,727
62094,Taste for Blood,728
62160,Genius,729
62318,Life from Death,730
62577,Essence Surge,731
62596,Mystic Talents,732
62618,Hit and Run,733
62634,Replenishing Presence,734
62706,Sublime Sensation,735
62707,Numbing Elixir,736
62802,Brink of Death,737
62849,Glacial Cage,738
63033,Bannerman,739
63142,Skullbreaker,740
63150,Ironwood,741
63207,Tempest Blast,742
63251,Inveterate,743
63422,Lust for Carnage,744
63453,Excess Sustenance,745
63607,Towering Threat,746
63635,Primal Manifestation,747
63727,Gladiator's Perseverance,748
63921,Utmost Swiftness,749
63933,Totemic Zeal,750
63944,Prism Weave,751
63969,Vast Power,752
63976,Shaper,753
64077,Warrior Training,754
64217,Aspect of Stone,755
64226,Roaring Challenge,756
64259,Natural Vigour,757
64355,Brand Equity,758
64395,Blunt Trauma,759
64407,Riot Queller,760
64717,Blessed,761
64782,Spring Back,762
64882,Disciple of the Unyielding,763
65053,Essence Sap,764
65093,Bladedancer,765
65097,Leadership,766
65107,Bastion Breaker,767
65108,Tireless,768
65110,Vile Reinvigoration,769
65117,Hex Breaker,770
65138,Expendability,771
65210,Heart of Oak,772
65224,Aspect of the Eagle,773
65273,Enigmatic Reach,774
65308,Diamond Skin,775
65502,Heartseeker,776
65521,Self-Fulfilling Prophecy,777
94,Evasion,778
127,Life on Kill and Recoup,779
223,Slower Rage Decay,780
224,Warcry Cooldown Recovery,781
238,Dexterity,782
265,Claw Critical Strike Chance,783
367,Energy Shield,784
420,Physical and Minion Damage,785
444,Dexterity,786
465,Projectile Damage and Attack Speed,787
476,Strength,788
487,Strength,789
494,Retaliation Skill Damage and Shield Block,790
651,Elemental Resistances,791
655,Slower Mana Burn,792
720,Accuracy and Attack Damage,793
739,Cast Speed,794
747,Attack Damage,795
864,Impale Effect with Two Handed Weapons,796
885,Fire Damage,797
903,Movement Speed and Spell Suppression,798
918,Attack Speed,799
930,Bow Damage,800
1031,Intelligence,801
1159,Attack Damage and Attack Speed with Shield,802
1201,Attack Damage,803
1203,Life,804
1252,Knockback Chance,805
1346,Spell Critical Strike Chance,806
1354,Rage on Hit,807
1371,Projectile Damage,808
1427,Stun Avoidance,809
1461,Dexterity,810
1550,Fire Damage and Life Regeneration,811
1572,Physical Damage Over Time Multiplier,812
1593,Shield Block and Elemental Resistances with a Shield,813
1600,Elemental Damage,814
1609,Minion Life Regeneration,815
1648,Poison Chance,816
1652,Hex Area of Effect,817
1655,Mine Damage,818
1696,Totem Placement Speed and Duration,819
1698,Sword Critical Strike Chance and Multiplier,820
1722,Minion Critical Strike Multiplier,821
1761,Staff Damage and Armour,822
1767,Life and Energy Shield on Kill,823
1822,Life and Energy Shield,824
1891,Mana,825
1909,Two Handed Melee Damage and Attack Speed,826
1957,Cast Speed,827
2081,Curse Mana Reservation Efficiency,828
2092,Melee Damage and Strike Range,829
2094,Evasion and Life,830
2121,Claw Attack Speed,831
2151,Mana Regeneration and Intelligence,832
2185,Bow Attack Speed,833
2219,Life Regeneration,834
2260,Mine Damage,835
2292,Mana and Life,836
2348,Link Mana Cost,837
2355,Shield Defences,838
2392,Dual Wield Damage and Block,839
2411,Mace Damage and Stun Duration,840
2413,Slower Mana Burn,841
2454,Two Handed Melee Damage,842
2474,Life Recoup,843
2785,Curse Duration,844
2913,Dexterity,845
3009,Dual Wield Accuracy,846
3089,Link Effect,847
3167,Life Regeneration,848
3187,Movement Speed and Spell Suppression,849
3314,Frenzy Charge Duration,850
3319,Shield Block and Block Recovery,851
3359,Curse Cast Speed,852
3362,Claw Attack Speed and Poison Chance,853
3367,Minion Damage while you have a Herald,854
3398,Shock Resistance,855
3424,Dagger Damage and Movement Speed,856
3469,Dexterity,857
3533,Life and Reduced Cost,858
3537,Power Charge Duration,859
3634,Life Leech,860
3644,Strength,861
3656,Intelligence,862
3676,Flask Charges Gained,863
3863,Dagger Critical Strike Multiplier and Poison Duration,864
3870,Exerted Attack Damage,865
3879,Armour,866
3992,Accuracy,867
4011,Dexterity,868
4036,Critical Strike Multiplier,869
4105,Life on Kill and Recoup,870
4184,Elemental Damage,871
4219,Evasion and Energy Shield,872
4247,Minion Life,873
4269,Damage against Marked Enemy,874
4270,Brand Duration,875
4300,Totem Damage and Placement Speed,876
4336,Sword Damage,877
4367,Intelligence,878
4378,Life Leech,879
4397,Intelligence,880
4432,Energy Shield,881
4502,Intelligence,882
4546,Mine Detonation Speed,883
4565,Dual Wield Attack Speed,884
4568,Physical and Minion Damage,885
4573,Evasion and Movement Skill Cooldown Recovery,886
4656,Spell Suppression and Life Flask Recovery,887
4713,Burning Damage Multiplier,888
4750,Totem Damage and Placement Speed,889
4944,"Armour, Evasion and Onslaught Effect",890
4973,Damage Over Time Multiplier,891
4977,Staff Critical Strike Chance and Multiplier,892
5018,Chance to Poison with Spells,893
5022,Weapon Lightning Damage,894
5065,Maximum Lightning Resistance,895
5068,Mace Critical Strike Chance and Multiplier,896
5103,Stun Threshold,897
5129,Damage Over Time Multiplier,898
5152,Life,899
5197,Life,900
5203,Retaliation Skill Stun Duration,901
5233,Strength,902
5237,Dexterity,903
5296,Intelligence,904
5408,Dexterity,905
5462,Staff Area of Effect,906
5560,Area of Effect,907
5591,Energy Shield Recharge Rate,908
5612,Physical Attack Damage,909
5613,Physical Damage and Attack and Cast Speed,910
5616,Dexterity,911
5622,Dual Wield Critical Strike Multiplier and Accuracy,912
5629,Claw Damage,913
5632,Bleed and Critical Strike Chance,914
5743,Life and Energy Shield,915
5802,Dagger Damage and Movement Speed,916
5875,Cast Speed and Spell Critical Strike Chance,917
5916,Burning Damage Multiplier,918
5935,Aura Area of Effect,919
5972,Cold Damage,920
6042,Life Gain on Hit,921
6043,Maximum Fire Resistance,922
6108,Sword Critical Strike Chance and Multiplier,923
6109,Curse Effect,924
6113,Axe Damage,925
6139,Fortification Gain,926
6204,Mana,927
6245,Chance to Ignite,928
6250,Curse Cast Speed,929
6264,Tincture Effect,930
6265,Aura Effect,931
6359,Armour and Life,932
6363,Dexterity,933
6383,Spell Suppression and Life Flask Recovery,934
6446,Strength,935
6534,Evasion and Spell Suppression,936
6538,Intelligence,937
6542,Evasion,938
6580,Dexterity,939
6616,Dual Wield Cast Speed and Movement Skill Cooldown Recovery,940
6633,Mace Damage and Area of Effect,941
6654,Bow Damage and Critical Strike Chance,942
6685,Minion Attack and Cast Speed,943
6712,Life,944
6718,Elemental Resistances,945
6741,Strength,946
6764,Intelligence,947
6785,Fire Damage,948
6797,Projectile Damage,949
6884,Two Handed Melee Damage and Life Leech Speed,950
6913,Bow Damage and Critical Strike Chance,951
6949,Energy Shield and Recovery,952
6981,Strength,953
7082,Sword Damage,954
7092,Physical and Lightning Damage,955
7112,Dexterity,956
7153,Lightning Damage,957
7162,Armour and Elemental Resistances,958
7187,Burning Damage Multiplier with Attacks,959
7285,Attack Mana Cost,960
7335,Armour and Life Regeneration,961
7347,Staff Spell Block,962
7364,Staff Area of Effect,963
7374,Life and Reduced Cost,964
7388,Intelligence,965
7399,Lightning Resistance,966
7444,Intelligence,967
7503,Energy Shield Recharge Rate,968
7594,Reservation Efficiency,969
7609,Forking Angle,970
7614,Skill Duration,971
7641,Energy Shield and Energy Shield Recharge Rate,972
7659,Mark Mana Cost,973
7728,Banner Duration,974
7786,Totem Attack Speed,975
7828,Melee Attack Speed,976
7898,Minion Critical Strike Chance,977
7903,Block,978
7920,Trap and Mine Throwing Speed,979
7938,Intelligence,980
8012,Life and Mana on Hit,981
8027,Mine Critical Strike Chance and Multiplier,982
8073,Evasion,983
8139,Link Cast Speed,984
8198,"Chance to Ignite, Freeze and Shock",985
8302,Power Charge Duration,986
8348,Evasion and Spell Suppression,987
8410,Attack Speed in Sand Stance,988
8426,Two Handed Melee Damage and Reduced Enemy Stun Threshold,989
8500,Mace Damage and Stun Duration,990
8533,Two Handed Melee Damage,991
8544,Dexterity,992
8566,Physical Bow Damage and Stun Threshold,993
8620,Flask Charges against Marked Enemy,994
8624,Ignite Chance and Duration,995
8640,Dexterity,996
8643,Cast Speed,997
8879,Weapon Fire Damage,998
8904,Warcry Duration,999
8930,Life and Flasks,1000
8938,Dexterity,1001
8948,Intelligence,1002
9009,Movement Speed,1003
9052,Block,1004
9149,Chill and Freeze Resistance,1005
9171,Life Leech Speed,1006
9206,Life,1007
9262,Sword Damage and Melee Range,1008
9294,Physical and Minion Damage,1009
9355,Strength,1010
9361,Maximum Rage,1011
9370,Minion Attack and Cast Speed,1012
9373,Mana and Flask Effect,1013
9386,Life and Energy Shield,1014
9392,Aura Effect,1015
9402,Block,1016
9469,Critical Strike Chance,1017
9505,Minion Damage,1018
9511,Strength,1019
9650,Minion Damage and Life,1020
9695,Armour and Elemental Resistances,1021
9769,Spell Suppression and Energy Shield Recharge Rate,1022
9786,Evasion and Movement Speed,1023
9877,Life,1024
9933,Mark Effect,1025
9976,Axe Damage,1026
9995,Aura Area of Effect,1027
10017,Attack Speed,1028
10031,Life,1029
10073,Armour and Guard Skill Cooldown Recovery,1030
10221,Strength,1031
10282,One Handed Melee Damage,1032
10311,Banner Aura Effect,1033
10490,Intelligence,1034
10493,Channelling Skill Damage,1035
10555,Link Duration,1036
10575,Intelligence,1037
10594,Warcry Buff Effect,1038
10695,Critical Chance,1039
10763,Critical Strike Chance,1040
10829,Dexterity,1041
10840,Attack Mana Cost,1042
10843,Projectile Damage,1043
10851,Shield Damage,1044
10893,Fire Damage,1045
10904,Minion Life,1046
10989,Retaliation Skill Damage and Stun Threshold,1047
10992,Hex Area of Effect,1048
11016,Physical and Elemental Damage,1049
11018,Evasion and Energy Shield,1050
11088,Life and Reduced Cost,1051
11128,Avoid Interruption while Casting and Elemental Resistances,1052
11162,Cold Damage Over Time Multiplier,1053
11190,Totem Life and Elemental Resistances,1054
11200,Corpse Life,1055
11334,Intelligence,1056
11364,Faster Ailments,1057
11431,Totem Life and Damage,1058
11456,Stance Skill Cooldown Recovery,1059
11489,Dagger Critical Strike Chance and Multiplier,1060
11497,Dexterity,1061
11515,Two Handed Melee Damage and Area of Effect,1062
11551,Intelligence,1063
11568,Bleed Damage Multiplier,1064
11651,Intelligence,1065
11659,Avoid Interruption while Casting and Elemental Resistances,1066
11678,Projectile Damage,1067
11688,Spell Damage,1068
11689,Shield Spell Damage and Spell Block,1069
11700,Melee Area of Effect,1070
11716,Mine Critical Strike Multiplier,1071
11792,Warcry Duration,1072
11800,Tincture Mana on Kill,1073
11811,Poison Chance and Duration,1074
11850,Blind Duration,1075
11859,Strength,1076
11984,Chance to Poison with Spells,1077
12068,Bow Damage and Attack Speed,1078
12095,Dual Wield Attack Speed and Block,1079
12189,Cast Speed and Spell Critical Strike Chance,1080
12215,Aggravate Bleeding On Critical Strike Chance,1081
12236,Attack Damage with Shield,1082
12246,Energy Shield,1083
12247,Attack Mana Cost,1084
12250,Energy Shield and Mana,1085
12379,Lightning Damage and Cast Speed,1086
12407,Axe Damage and Attack Speed,1087
12412,Dexterity,1088
12415,Attack Ignite Chance and Attack Speed,1089
12439,Cold Damage and Freeze Chance,1090
12536,Elemental Damage,1091
12664,Faster Bleeding,1092
12720,Sword Damage and Block,1093
12783,Critical Strike Multiplier per Power Charge,1094
12794,Projectile Attack Critical Strike Chance and Multiplier,1095
12801,Evasion and Life,1096
12824,Trap Damage,1097
12831,Freeze Chance,1098
12852,Elemental Damage,1099
12888,Mana Regeneration per Power Charge,1100
12913,Mana,1101
12948,Bow Critical Strike Chance and Multiplier,1102
13009,Dexterity,1103
13146,Fire Damage,1104
13168,Poison Damage and Cast Speed,1105
13191,Skill Duration,1106
13202,Cold Damage and Cold Ailment Effect,1107
13231,Bow Attack Speed and Phasing,1108
13232,Increased Energy Shield Leeched,1109
13273,Bleed Chance,1110
13322,Energy Shield,1111
13498,Impale Chance,1112
13559,Burning Damage Multiplier,1113
13573,Dual Wield Attack and Cast Speed and Block,1114
13714,Life,1115
13753,Energy Shield,1116
13782,Physical Damage,1117
13807,Dual Wield Damage and Attack Speed,1118
13885,Dexterity,1119
13961,Lightning Ailment Effect,1120
13965,Slower Mana Burn,1121
14021,Intelligence,1122
14036,Physical Damage over Time,1123
14040,Fire Damage,1124
14056,Strength,1125
14057,Life and Energy Shield,1126
14084,Axe and Sword Damage,1127
14090,Reduced Skill Duration,1128
14151,Intelligence,1129
14157,Dagger Critical Strike Chance,1130
14182,Energy Shield,1131
14209,Cold Ailment Duration,1132
14211,Energy Shield,1133
14292,Dexterity,1134
14303,Attack Damage while holding a Shield,1135
14384,Maximum Fortification,1136
14400,Flask Effect Duration,1137
14419,Weapon Fire Damage,1138
14745,Spell Area of Effect,1139
14767,Fortification Duration,1140
14804,Projectile Attack Critical Strike Chance,1141
14930,Strength,1142
14936,Life,1143
15021,Shield Block and Elemental Resistances,1144
15064,Strength,1145
15073,Life,1146
15081,Minion Damage and Duration,1147
15086,Mace Damage and Critical Strike Chance,1148
15117,Intelligence,1149
15124,Impale Effect,1150
15144,Attack Speed and Dexterity,1151
15163,Mace Damage and Area of Effect,1152
15167,Golem Life and Buff Effect,1153
15228,Critical Strike Multiplier,1154
15365,Area of Effect,1155
15405,Strength,1156
15438,Two Handed Melee Damage and Stun Duration,1157
15451,Warcry Speed,1158
15452,Spell Damage Over Time Multiplier,1159
15491,Retaliation Skill Damage,1160
15522,Maximum Lightning Resistance,1161
15543,Maximum Rage and Armour,1162
15549,Intelligence,1163
15599,"Attack and Cast Speed, Accuracy",1164
15631,Strength,1165
15678,Melee Critical Strike Multiplier,1166
15716,Staff Critical Strike Chance and Multiplier,1167
15727,Attack Ignite Chance,1168
15837,Avoid Status Ailments,1169
15868,Life and Armour,1170
15973,Brand Damage and Duration,1171
16079,Evasion Per Frenzy Charge,1172
16113,Staff Block,1173
16167,Dexterity,1174
16213,Attack Speed per Frenzy Charge,1175
16245,Retaliation Skill Usable Duration,1176
16380,Accuracy and Critical Strike Chance,1177
16404,Attack Damage while Dual Wielding,1178
16544,Dexterity,1179
16602,Life Flasks and Flask Duration,1180
16743,Dual Wield Spell Damage and Movement Speed,1181
16754,Staff Critical Strike Chance,1182
16756,Axe Damage and Impale Chance,1183
16775,Strength,1184
16790,Spell Critical Strike Chance,1185
16851,Bow Damage and Accuracy,1186
16860,Physical Attack Damage,1187
16882,Flask Effect Duration,1188
16954,Critical Strike Chance per Power Charge,1189
16970,Damage if Consumed a Corpse,1190
17020,Attack Damage in Blood Stance,1191
17038,Stun Duration,1192
17198,Damage while you have a Herald,1193
17201,Dexterity,1194
17236,Energy Shield and Energy Shield Recharge Rate,1195
17251,Armour and Energy Shield,1196
17271,Chance to Block Attack Damage,1197
17352,Mana and Life,1198
17383,Mana and Aura Area of Effect,1199
17412,Minion Life,1200
17421,Mana and Flask Charges Gained,1201
17429,Impale Chance and Attack Speed,1202
17527,Block,1203
17546,Mana and Flasks,1204
17566,Armour and Evasion,1205
17569,Totem Critical Strike Chance,1206
17579,Spell Damage,1207
17674,Physical Damage,1208
17735,Intelligence,1209
17749,Life Recoup,1210
17788,Flask Charges Gained,1211
17790,Flask Charges Gained,1212
17814,Evasion and Spell Suppression,1213
17821,Mana Regeneration and Life,1214
17833,Bleed Damage Multiplier,1215
17849,Mine Damage,1216
17908,Claw Damage and Attack Speed,1217
17934,Attack Damage and Speed,1218
18009,Melee Damage and Strike Range,1219
18033,Intelligence,1220
18103,Dexterity,1221
18182,Intelligence,1222
18202,Rage on Hit,1223
18239,Spell Damage and Stun Recovery,1224
18302,Life,1225
18359,Minion Block,1226
18379,Mace Critical Strike Chance and Multiplier,1227
18402,Life and Flasks,1228
18530,Curse Effect,1229
18661,Mine Damage and Reservation Efficiency,1230
18670,Weapon Elemental Damage,1231
18715,Fire Damage,1232
18747,Life Recoup,1233
18767,Energy Shield and Mana,1234
18770,Spell Suppression,1235
18866,Cast Speed,1236
18870,Bow Damage,1237
18901,Melee Damage,1238
18990,Staff Block,1239
19008,Shield Spell Damage and Spell Block,1240
19098,Wand Lightning Damage,1241
19196,Reservation Efficiency,1242
19210,Physical Damage and Ignore Physical Damage Reduction,1243
19228,Claw Ailment Damage and Poison Chance,1244
19261,Warcry Cooldown Recovery,1245
19287,Life and Life on Kill,1246
19374,Energy Shield,1247
19388,Axe Damage and Accuracy,1248
19401,Life Gain on Hit,1249
19501,Intelligence,1250
19609,Physical Damage Over Time Multiplier,1251
19635,Intelligence,1252
19679,Brand Range and Brand Recall Cooldown Recovery,1253
19711,Dexterity,1254
19782,Defences with Shield,1255
19884,Strength,1256
19919,Spell Block,1257
19939,Life,1258
19958,Link Cast Speed,1259
20010,Dexterity,1260
20018,Axe Damage,1261
20127,Poison Damage Multiplier,1262
20142,Totem Critical Strike Multiplier,1263
20167,Dagger Ailment Damage and Poison Chance,1264
20228,Mana Regeneration and Life,1265
20310,Block,1266
20402,Attack Mana Cost,1267
20467,Mace Critical Strike Chance and Multiplier,1268
20492,Minion Life,1269
20546,Intelligence,1270
20551,Life,1271
20807,Dexterity,1272
20812,Evasion and Spell Suppression,1273
20844,Wand Attack Speed and Accuracy,1274
20852,Fire and Cold Damage,1275
20913,Rage on Hit,1276
20953,Attack Speed,1277
20966,Mace Damage,1278
20987,Elemental Damage,1279
21019,Tincture Effect,1280
21033,Mana,1281
21048,Link Duration,1282
21075,Area of Effect Damage,1283
21126,Brand Damage,1284
21170,Chill Effect,1285
21184,Avoid Interruption while Casting,1286
21262,Elemental Damage,1287
21301,Strength,1288
21548,Banner Duration,1289
21575,Elemental Damage,1290
21678,Intelligence,1291
21693,Physical Damage and Attack and Cast Speed,1292
21758,Frenzy Charge Duration,1293
21796,Reservation Efficiency,1294
21835,Life,1295
21845,Spell Damage,1296
21929,Armour and Energy Shield,1297
21934,Spell Damage,1298
21974,Reservation Efficiency,1299
22061,Mana,1300
22062,Minion Damage and Duration,1301
22090,Cold Damage,1302
22217,Spell Suppression and Life Flask Recovery,1303
22261,Dagger Damage and Attack Speed,1304
22266,Dexterity,1305
22285,Strength,1306
22315,Mana Regeneration,1307
22407,Wand Physical Damage and Attack Speed,1308
22423,Dual Wield Damage,1309
22472,Mana and Arcane Surge Effect,1310
22473,Energy Shield,1311
22488,Trap Throwing Speed,1312
22497,Cast Speed,1313
22577,Block Recovery and Energy Shield,1314
22618,Mana,1315
22627,Life and Armour,1316
22647,Ignite Chance,1317
22703,Strength,1318
22728,Staff Elemental Damage and Penetration,1319
22845,Tincture Effect,1320
22893,Skill Duration,1321
22908,Banner Maximum Valour,1322
23027,Strength,1323
23036,Warcry Cooldown Recovery and Area of Effect,1324
23122,Projectile Damage,1325
23185,Chaos Resistance and Minion Damage,1326
23199,Bleed Damage and Chance,1327
23215,Curse and Chaos Resistance,1328
23237,Aura Area of Effect,1329
23334,Projectile Damage,1330
23376,Curse Effect,1331
23438,Life Flasks and Flask Duration,1332
23439,Critical Strike Chance,1333
23449,Poison Damage and Chance,1334
23456,Mana and Life Regeneration,1335
23471,Dexterity,1336
23507,Attack and Cast Speed,1337
23616,Physical and Chaos Damage,1338
23659,Energy Shield,1339
23760,Physical Damage and Overwhelm,1340
23834,Warcry Buff Effect,1341
23852,Axe Damage,1342
23881,Strength,1343
23886,Attack Speed and Poison Duration,1344
23912,Bow Attack Speed,1345
23951,Movement Speed per Frenzy Charge,1346
24083,Strength,1347
24155,Mace Critical Strike Chance,1348
24157,Totem Damage and Placement Speed,1349
24229,Staff Critical Strike Chance,1350
24377,Attack Speed,1351
24472,Skill Duration,1352
24496,Dexterity,1353
24544,Bleed Chance,1354
24641,Dual Wield Damage,1355
24643,Attack Speed,1356
24677,Mace Elemental Damage and Accuracy,1357
24772,Mace Damage and Area of Effect,1358
24824,Minion Attack and Cast Speed,1359
24865,Strength,1360
24872,Golem Life and Buff Effect,1361
24914,Strength,1362
24974,Flask Duration,1363
25067,Evasion and Life,1364
25168,Physical Damage as Extra Fire Damage,1365
25209,Dual Wield Critical Strike Multiplier and Accuracy,1366
25222,Minion Attack and Cast Speed,1367
25237,Mana Regeneration and Reduced Mana Cost,1368
25260,Life,1369
25324,Attack Damage with Shield,1370
25332,Minion Damage and Attack and Cast Speed,1371
25355,Stance Reservation Efficiency,1372
25431,Curse Mana Cost,1373
25511,Weapon Elemental Damage,1374
25531,Strength,1375
25682,Axe Damage,1376
25714,Mana and Increased Mana Cost,1377
25732,Totem Attack and Cast Speed,1378
25757,Spell Critical Strike Chance,1379
25766,Poison Damage Multiplier,1380
25770,Trap Cooldown Recovery,1381
25775,Claw Damage and Attack Speed,1382
25781,Maximum Fortification,1383
25789,Energy Shield Leech,1384
25796,Bleed Chance,1385
25831,Reservation Efficiency,1386
25933,Life,1387
25959,Hex Area of Effect,1388
26002,Mark Cast Speed,1389
26188,Axe Damage and Critical Strike Chance,1390
26270,Intelligence,1391
26365,Attack Ignite Chance,1392
26456,Mace Damage and Attack Speed,1393
26471,Shock Avoidance,1394
26481,Minion Damage and Life,1395
26523,Strength,1396
26528,Life and Elemental Ailment Avoidance,1397
26585,Staff Spell Block,1398
26712,Armour,1399
26740,Life Regeneration,1400
26820,Life Gain on Hit,1401
27134,Mace Damage,1402
27140,Two Handed Melee Damage and Leech,1403
27166,Fire Resistance,1404
27195,Cold Resistance,1405
27276,Physical and Chaos Damage,1406
27283,Dexterity,1407
27323,Shield Spell Block,1408
27325,Flask Charges against Marked Enemy,1409
27415,Intelligence,1410
27444,Totem Critical Strike Chance and Multiplier,1411
27564,Intelligence,1412
27575,Power Charge Duration,1413
27592,Intelligence,1414
27605,Fortification Gain,1415
27625,Flask Duration,1416
27656,Intelligence,1417
27659,Dexterity,1418
27697,Stun Threshold Reduction,1419
27709,Ignite Chance,1420
27718,Attack Speed,1421
27879,Wand Critical Strike Chance and Multiplier,1422
27962,Trap Throwing Speed and Trigger Area,1423
28012,Dexterity,1424
28076,Mana and Mana Regeneration,1425
28221,Attack Speed,1426
28265,Mana and Mana Regeneration,1427
28311,Life Leech Speed and Attack Speed,1428
28321,Mana,1429
28330,Strength,1430
28424,Mana and Mana on Kill,1431
28498,Bleed Chance,1432
28574,Dexterity,1433
28658,Projectile Attack Critical Strike Chance,1434
28728,Two Handed Melee Damage and Ignore Physical Damage Reduction,1435
28753,Trap Damage,1436
28758,Dagger Critical Strike Multiplier,1437
28859,Reservation Efficiency,1438
28887,Faster Ignite,1439
28987,Chaos Resistance,1440
29005,Armour and Energy Shield,1441
29033,Brand Critical Strike Chance,1442
29034,Two Handed Melee Damage and Stun Duration,1443
29061,Elemental Damage,1444
29089,Bow Damage and Evasion,1445
29104,Mana and Flask Charges Gained,1446
29106,Minion Damage and Attack and Cast Speed,1447
29171,Minion Life,1448
29185,Two Handed Melee Critical Strike Chance and Accuracy,1449
29199,Intelligence,1450
29292,Attack Speed,1451
29353,Strength,1452
29359,Attack Damage and Leech,1453
29379,Accuracy and Elemental Resistances,1454
29454,Spell Suppression,1455
29472,Stun Recovery,1456
29543,Axe Damage and Attack Speed,1457
29547,Life Leech,1458
29549,Mine Damage,1459
29552,Wand Damage,1460
29629,Chaos Damage,1461
29781,Mana,1462
29797,Melee Damage,1463
29856,Sword Critical Strike Chance and Multiplier,1464
29870,Attack Speed,1465
29933,Life,1466
29937,Dexterity,1467
30030,Axe Damage and Attack Speed,1468
30038,Banner Duration,1469
30110,Chaos Damage Over Time Multiplier,1470
30155,Projectile Damage,1471
30170,Slower Rage Decay and Armour,1472
30205,Physical Damage,1473
30251,Axe Damage,1474
30319,Trap Critical Strike Chance and Multiplier,1475
30335,Melee Damage,1476
30338,Damage Over Time,1477
30370,Spell Damage Over Time,1478
30380,Life and Elemental Resistances,1479
30427,Chill Effect,1480
30455,Projectile Attack Critical Strike Chance and Multiplier,1481
30547,Mace Damage and Area of Effect,1482
30626,Dual Wield Critical Strike Chance,1483
30658,Minion Life and Elemental Resistances,1484
30679,Dexterity,1485
30691,Intelligence,1486
30714,Slower Rage Decay,1487
30733,Strength,1488
30745,Claw Critical Strike Chance and Multiplier,1489
30767,Curse Effect,1490
30825,Totem Life and Elemental Resistances,1491
30826,Slower Mana Burn,1492
30842,Two Handed Melee Accuracy,1493
30894,Weapon Elemental Damage,1494
30926,Wand Elemental Damage and Penetration,1495
30969,Weapon Elemental Damage and Ailment Effect,1496
31080,Dexterity,1497
31103,Minion Life and Physical Damage Reduction,1498
31137,Charge on Kill,1499
31153,Physical and Fire Damage,1500
31222,Pierce,1501
31315,Evasion and Life,1502
31371,Mine Area of Effect,1503
31438,Tincture Mana on Kill,1504
31462,Burning Damage Multiplier,1505
31471,Life,1506
31472,Intelligence,1507
31501,Trap Throwing Speed and Trigger Area,1508
31520,Totem Attack and Cast Speed,1509
31549,Fire Damage over Time,1510
31583,Elemental Damage,1511
31604,Faster Bleeding,1512
31619,Dual Wield Spell Damage and Spell Block,1513
31628,Melee Damage and Life,1514
31680,Dagger and Claw Damage,1515
31758,Mana and Life Regeneration,1516
31819,Mana and Reduced Mana Cost,1517
31875,Strength,1518
31928,Armour,1519
31931,Strength,1520
31973,Curse Effect,1521
32024,Minion Life,1522
32053,Melee Damage and Strike Range,1523
32075,Curse Cast Speed,1524
32091,Evasion and Spell Suppression,1525
32117,Life and Stun Avoidance,1526
32169,Damage over Time,1527
32210,Intelligence,1528
32314,Curse Mana Reservation Efficiency,1529
32376,Retaliation Skill Damage,1530
32431,Lightning Damage,1531
32432,Trap Critical Strike Chance and Multiplier,1532
32477,Weapon Elemental Damage and Ailment Effect,1533
32480,Melee Damage,1534
32482,Life Regeneration,1535
32514,Bow Critical Strike Chance and Multiplier,1536
32519,Axe Damage and Critical Strike Chance,1537
32555,Dexterity,1538
32690,Area of Effect per Endurance Charge,1539
32710,Intelligence,1540
32739,Accuracy,1541
32802,Poison Damage Multiplier,1542
32942,Wand Physical Damage and Attack Speed,1543
33089,Dual Wield Damage and Attack Speed,1544
33098,Ignite and Bleed Duration,1545
33196,Cold Damage,1546
33296,Spell Damage,1547
33310,Intelligence,1548
33374,Chance for Extra Fork Projectile,1549
33479,Intelligence,1550
33508,Fire Resistance,1551
33558,Evasion and Movement Speed,1552
33566,Banner Valour Gained,1553
33623,Warcry Buff Effect,1554
33740,Strength,1555
33755,Life,1556
33779,Totem Critical Strike Chance,1557
33783,Intelligence,1558
33864,Energy Shield,1559
33911,Mine Duration,1560
33923,Elemental Damage,1561
33943,Life Regeneration,1562
33988,Melee Damage,1563
34031,Strength,1564
34130,Melee Attack Speed,1565
34144,Minion Damage,1566
34157,Cast Speed,1567
34171,Strength,1568
34191,Impale Effect,1569
34207,Physical Damage,1570
34225,Curse Effect,1571
34306,Minion Spell Block,1572
34327,Staff Accuracy,1573
34359,Life Regeneration,1574
34400,Strength,1575
34423,Damage Over Time Multiplier,1576
34478,Energy Shield Recharge Rate,1577
34510,Bow Damage Over Time,1578
34513,Aura Effect,1579
34560,Dual Wield Spell Damage and Movement Speed,1580
34579,Critical Strike Chance,1581
34590,Rage on Hit,1582
34625,Bow Accuracy,1583
34660,Mark Effect,1584
34678,Life and Elemental Ailment Avoidance,1585
34750,Weapon Fire Damage,1586
34763,Chaos Damage Over Time Multiplier,1587
34880,Minion Life,1588
34906,Mana,1589
34907,Mana,1590
34917,Maximum Cold Resistance,1591
34959,Two Handed Melee Damage and Life Leech Speed,1592
35020,Chaos Damage over Time,1593
35035,Brand Recall Cooldown Recovery,1594
35053,Sword Critical Strike Chance,1595
35086,Attack Mana Cost,1596
35179,Movement Speed,1597
35190,Curse Mana Reservation Efficiency,1598
35192,Melee Damage,1599
35237,Banner Maximum Valour,1600
35260,Minion Damage,1601
35283,Critical Strike Chance,1602
35288,Armour,1603
35334,Mine Critical Strike Chance and Multiplier,1604
35362,Two Handed Melee Damage and Area of Effect,1605
35384,Claw Damage and Attack Speed,1606
35406,Banner Maximum Valour and Duration,1607
35503,Lightning Resistance,1608
35507,Life Leech Speed,1609
35556,Strength,1610
35568,"Armour, Evasion and Life",1611
35706,Energy Shield,1612
35724,Damage and Mana,1613
35730,Curse Duration,1614
35737,Charge on Kill,1615
35756,Warcry Buff Effect,1616
35791,Minion Critical Strike Multiplier,1617
35851,Accuracy and Critical Strike Chance,1618
35910,Totem Life and Elemental Resistances,1619
35992,Mace Damage and Reduced Enemy Stun Threshold,1620
36047,Life and Armour,1621
36107,Reservation Efficiency of Heralds,1622
36121,Lightning Damage,1623
36200,Warcry Speed and Exerted Attack Damage,1624
36221,Life,1625
36222,Projectile Damage,1626
36225,Claw Critical Strike Chance and Multiplier,1627
36226,Cold Damage and Freeze Chance,1628
36287,Dexterity,1629
36371,Corpse Life,1630
36412,Cold Damage,1631
36452,Spell Critical Strike Multiplier,1632
36542,Intelligence,1633
36543,Strength,1634
36551,Fire Resistance,1635
36585,Cold Damage,1636
36678,Intelligence,1637
36704,Life and Mana Leech,1638
36761,Attack Damage and Attack Speed with Shield,1639
36764,Bleed and Critical Strike Chance,1640
36774,Spell Damage,1641
36801,Claw Ailment Damage and Poison Duration,1642
36849,Attack Speed and Poison Duration,1643
36858,Intelligence,1644
36877,Trap Damage,1645
36881,Cold Resistance,1646
36945,Attack Ignite Chance,1647
36972,Two Handed Attack Speed,1648
37163,Fire Damage and Cast Speed,1649
37171,Physical Damage,1650
37175,Damage if Consumed a Corpse,1651
37501,Melee Critical Strike Chance,1652
37569,Intelligence,1653
37575,Accuracy,1654
37584,Endurance Charge Duration,1655
37619,Evasion and Elemental Resistances,1656
37639,Staff Damage and Stun Duration,1657
37663,Chaos Damage Over Time Multiplier,1658
37671,Intelligence,1659
37690,Mana,1660
37785,Poison Damage Multiplier,1661
37800,Life Leech,1662
37884,Elemental Resistances,1663
37887,Attack Damage and Leech,1664
37895,Stun Threshold,1665
37926,Cold Resistance,1666
37999,Intelligence,1667
38023,Mace Damage and Reduced Enemy Stun Threshold,1668
38048,Life Regeneration,1669
38119,Block and Armour,1670
38129,Damage and Energy Shield,1671
38148,Cold Damage,1672
38149,Bow Damage,1673
38176,Intelligence,1674
38190,Life and Energy Shield,1675
38342,Energy Shield,1676
38344,Attack Speed,1677
38348,Dexterity,1678
38450,Area of Effect,1679
38462,Retaliation Skill Speed,1680
38508,Endurance Charge Duration,1681
38520,Claw Critical Strike Multiplier,1682
38538,Physical Damage and Overwhelm,1683
38539,Physical Damage and Attack and Cast Speed,1684
38662,Dexterity,1685
38664,Melee Critical Strike Chance,1686
38701,Energy Shield and Mana,1687
38772,Melee Damage and Strike Range,1688
38777,Melee Damage,1689
38789,Ignite Chance and Duration,1690
38805,Area of Effect,1691
38836,Armour and Energy Shield,1692
38864,Dagger Damage and Attack Speed,1693
38900,Area of Effect,1694
38906,Armour and Energy Shield,1695
38947,Chain Distance,1696
38989,Minion Damage,1697
38995,Life and Mana on Hit,1698
39023,Melee Critical Strike Chance,1699
39211,Physical Attack Damage,1700
39222,Cold Damage over Time,1701
39437,Slower Rage Decay,1702
39443,Dagger Critical Strike Chance and Leech,1703
39521,Wand Damage,1704
39524,Critical Ailment Damage Over Time Multiplier,1705
39631,Armour and Energy Shield,1706
39648,Mana Regeneration and Life,1707
39665,Bow Attack Speed,1708
39678,Armour,1709
39718,Dexterity,1710
39725,Attack Speed and Accuracy,1711
39768,Accuracy,1712
39773,Projectile Damage,1713
39786,One Handed Melee Damage,1714
39814,Trap Cooldown Recovery,1715
39821,Evasion and Life,1716
39841,Intelligence,1717
39861,Dexterity,1718
39916,Strength,1719
39938,Bow Damage,1720
40075,Staff Spell Damage,1721
40100,Critical Strike Chance,1722
40126,Curse Effect,1723
40132,Evasion,1724
40135,Sword Damage,1725
40189,Maximum Rage,1726
40229,Warcry Cooldown Recovery and Area of Effect,1727
40287,Critical Strikes against Blinded Enemies,1728
40291,Fire Damage and Area of Effect,1729
40362,Life,1730
40366,Intelligence,1731
40409,Mine Detonation Speed,1732
40483,Chill Effect,1733
40508,Armour and Energy Shield,1734
40535,Melee Damage,1735
40609,Cold Damage,1736
40637,Minion Damage and Life,1737
40644,Elemental Damage,1738
40653,Strength,1739
40705,Cold Damage Over Time Multiplier,1740
40751,Mine Area of Effect,1741
40766,Endurance Charge Duration,1742
40776,Brand Damage,1743
40818,Bleed Chance,1744
40840,Wand Damage,1745
40841,Impale Chance and Physical Attack Damage,1746
40867,Strength,1747
40927,Area of Effect,1748
41026,Mana and Guard Skill Cooldown Recovery,1749
41047,Bow Area of Effect,1750
41068,Bleed Duration,1751
41190,Minion Damage and Life,1752
41204,Wand Damage,1753
41250,Projectile Damage,1754
41251,Ailment Effect,1755
41355,Cold Damage,1756
41380,Bow Attack Speed and Accuracy,1757
41536,Projectile Damage,1758
41599,Staff Damage and Block,1759
41635,Intelligence,1760
41689,Physical and Chaos Damage,1761
41819,Life Leech Speed,1762
41866,Dexterity,1763
41967,Mana,1764
42006,Mine Damage and Reservation Efficiency,1765
42086,Attack Mana Cost,1766
42104,Accuracy and Attack Speed,1767
42106,Retaliation Skill Damage and Stun Threshold,1768
42133,Life Flask Charge Gain,1769
42161,Attack Ignite Chance and Attack Speed,1770
42485,Staff Spell Damage and Block,1771
42495,Retaliation Skill Cooldown Recovery,1772
42623,One Handed Damage,1773
42632,Totem Critical Strike Chance and Multiplier,1774
42637,Axe Damage and Attack Speed,1775
42668,Minion Attack and Cast Speed,1776
42731,Energy Shield,1777
42744,Mine Critical Strike Chance and Multiplier,1778
42760,Intelligence,1779
42800,Strength,1780
42837,Mana and Life Regeneration,1781
42907,Chaos Damage Over Time Multiplier,1782
42911,Strength,1783
42964,Bow Damage,1784
42981,Mana Flasks,1785
43000,Mana and Spell Damage,1786
43010,Curse Mana Reservation Efficiency,1787
43057,Ignite Resistance,1788
43061,Shield Spell Block,1789
43133,Chaos Resistance and Minion Damage,1790
43162,Projectile Damage,1791
43303,Two Handed Melee Damage,1792
43316,Physical Damage and Ignore Physical Damage Reduction,1793
43328,Energy Shield Leech,1794
43374,Strength,1795
43412,Two Handed Melee Damage,1796
43413,Shield Block and Block Recovery,1797
43457,Evasion and Blind Effect,1798
43491,Flask Charges Used,1799
43514,Sword Accuracy and Critical Strike Chance,1800
43608,Dexterity,1801
43684,Faster Ailments,1802
43716,Minion Damage,1803
43787,Accuracy and Elemental Resistances,1804
43822,Mace Damage and Stun Duration,1805
43833,Warcry Cooldown Recovery,1806
44134,Dagger Critical Strike Chance and Multiplier,1807
44183,Lightning Damage and Cast Speed,1808
44184,Intelligence,1809
44202,Strength,1810
44268,Retaliation Skill Area Of Effect,1811
44306,Projectile Damage and Speed,1812
44339,Weapon Lightning Damage,1813
44360,Minion Attack and Cast Speed,1814
44362,Chaos Damage and Withered Expiry Rate,1815
44429,Life and Elemental Resistances,1816
44465,Stun Recovery,1817
44483,Area Damage,1818
44529,"Attack and Cast Speed, Accuracy",1819
44606,Intelligence,1820
44624,Bleed Chance,1821
44683,SIX,1822
44723,Spell Critical Strike Chance,1823
44799,Elemental Damage,1824
44908,Strength,1825
44916,Life Regeneration,1826
44922,Shield Damage and Defences,1827
44924,Intelligence,1828
44967,Strength,1829
44983,Fire Damage,1830
45033,Evasion and Phasing,1831
45035,Projectile Damage and Accuracy,1832
45163,Retaliation Skill Damage,1833
45180,Chance to Block Spell Damage,1834
45202,Attack Speed,1835
45227,Attack Speed,1836
45246,Slower Mana Burn,1837
45272,Physical and Chaos Damage and Life,1838
45284,Chance to Suppress Spell Damage,1839
45341,Maximum Cold Resistance,1840
45360,Poison Chance and Damage,1841
45366,Totem Critical Strike Multiplier,1842
45436,"Weapon Elemental Damage, Status Ailment Chance",1843
45456,Spell Damage,1844
45486,Staff Critical Strike Chance and Multiplier,1845
45491,Attack Damage,1846
45503,Banner Aura Effect,1847
45565,Bleed Duration,1848
45593,Evasion and Life,1849
45646,Melee Damage,1850
45680,Mana,1851
45788,Claw Attack Speed,1852
45810,Poison Damage and Cast Speed,1853
45827,Trap Damage,1854
45838,Dexterity,1855
45887,Block,1856
46092,Intelligence,1857
46106,Bow Accuracy,1858
46111,Curse Effect,1859
46127,Mace Damage and Stun Duration,1860
46136,Evasion and Energy Shield,1861
46248,Chaos Damage,1862
46277,Dexterity,1863
46289,Damage Over Time,1864
46291,Totem Attack Speed,1865
46340,Intelligence,1866
46344,Bow Damage and Evasion,1867
46469,Lightning Damage and Shock Chance,1868
46578,Strength,1869
46585,Banner Area of Effect,1870
46636,Armour and Energy Shield,1871
46672,Staff Elemental Damage and Penetration,1872
46694,Evasion and Blind Effect,1873
46726,Mana and Reduced Mana Cost,1874
46730,Attack Damage with Shield,1875
46756,Stun Duration,1876
46896,Damage Over Time Multiplier and Life Regeneration,1877
46897,Armour and Energy Shield,1878
46909,Totem Damage,1879
46910,Strength,1880
47030,Projectile Damage,1881
47062,Spell Damage and Intelligence,1882
47085,Spell Damage Over Time Multiplier and Duration,1883
47175,MARAUDER,1884
47192,Life,1885
47251,Intelligence,1886
47312,Elemental Damage and Resistances,1887
47321,Claw Critical Strike Chance and Accuracy,1888
47362,Life and Energy Shield on Kill,1889
47389,Physical Attack Damage and Life,1890
47421,Physical Damage Over Time Multiplier,1891
47422,Dagger Critical Strike Chance and Multiplier,1892
47426,Warcry Duration,1893
47427,Staff Damage and Stun Duration,1894
47507,Spell Critical Strike Multiplier,1895
47785,Banner Valour Gained,1896
47854,Impale Chance and Attack Speed,1897
47902,Retaliation Skill Damage,1898
47949,Chaos Damage,1899
48093,Dual Wield Cast Speed and Movement Skill Cooldown Recovery,1900
48099,Life and Stun Avoidance,1901
48109,Life Regeneration per Endurance Charge,1902
48118,Damage Over Time Multiplier,1903
48199,Rage on Hit,1904
48275,Avoid Interruption while Casting,1905
48282,Staff Critical Strike Chance,1906
48284,Block and Block Recovery,1907
48287,Life,1908
48362,Mana and Life,1909
48423,Mana,1910
48477,Attack and Cast Speed,1911
48513,Physical Attack Damage,1912
48514,Mana and Mana Regeneration,1913
48713,Minion Critical Strike Chance,1914
48778,Intelligence,1915
48813,Shield Damage and Block,1916
48822,Life Regeneration,1917
48828,Physical Damage and Strength,1918
48878,Wand Attack Speed and Accuracy,1919
48881,Trap and Mine Damage,1920
48929,Maximum Fire Resistance,1921
48971,Chaos Damage,1922
49047,Minion Life and Chaos Resistance,1923
49109,Armour and Evasion,1924
49147,Armour and Guard Skill Cooldown Recovery,1925
49167,Warcry Duration,1926
49178,Strength,1927
49308,Mana,1928
49331,Minion Damage,1929
49343,Block Chance and Attack Damage with Shield,1930
49407,Retaliation Skill Cooldown Recovery,1931
49408,Evasion and Energy Shield,1932
49412,Strength,1933
49415,Sword Damage and Attack Speed,1934
49465,Elemental Damage,1935
49481,Mana on Hit,1936
49515,Spell Suppression and Energy Shield Recharge Rate,1937
49534,Staff Spell Damage and Spell Block,1938
49547,Dual Wield Damage and Block,1939
49568,Claw Critical Strike Chance and Multiplier,1940
49571,Axe Damage and Attack Speed,1941
49588,Lightning Damage and Shock Chance,1942
49605,Intelligence,1943
49635,Banner Valour Gained,1944
49651,Intelligence,1945
49652,Ignite and Bleed Duration,1946
49698,Staff Block,1947
49779,Wand Damage,1948
49806,Dexterity,1949
49807,Accuracy,1950
49817,Lightning Damage,1951
49900,Dexterity,1952
49929,Spell Critical Strike Multiplier,1953
49971,Frenzy Charge Duration,1954
49978,Dexterity,1955
50038,Life Leech,1956
50041,Physical Bow Damage,1957
50082,Spell Damage Over Time Multiplier,1958
50150,"Weapon Elemental Damage, Status Ailment Chance",1959
50225,Mace Critical Strike Multiplier,1960
50264,Life Regeneration,1961
50306,"Armour, Evasion and Life",1962
50340,Elemental Resistances,1963
50360,Mana and Mana Regeneration,1964
50382,Dual Wield Cast Speed,1965
50422,Strength,1966
50459,RANGER,1967
50472,Wand Damage,1968
50515,Fortify on Melee Stun,1969
50562,Burning Damage Multiplier with Attacks,1970
50570,Strength,1971
50734,Slower Mana Burn,1972
50826,Mana and Spell Block,1973
50862,Strength,1974
50904,Life and Armour,1975
50969,Melee Area of Effect,1976
50986,DUELIST,1977
51042,Life and Mana recovery from Flasks,1978
51146,Wand Attack Speed and Accuracy,1979
51191,Curse Duration,1980
51213,Reservation Efficiency of Heralds,1981
51219,Energy Shield Leech,1982
51220,Physical and Chaos Damage,1983
51235,Stun Avoidance,1984
51291,Area of Effect,1985
51382,Curse Duration,1986
51404,Weapon Cold Damage,1987
51420,Mana Leech,1988
51517,Minion Life and Chaos Resistance,1989
51524,Wand Attack Speed and Accuracy,1990
51642,Mace and Staff Damage,1991
51786,Dexterity,1992
51801,Spell Area of Effect,1993
51804,Spell Damage Over Time,1994
51856,Physical Attack Damage,1995
51923,Intelligence,1996
51953,Forking Angle,1997
51954,Brand Critical Strike Chance,1998
51976,Dual Wield Attack Speed and Block,1999
52095,Chaos Resistance,2000
52099,Reduced Skill Duration,2001
52213,Sword Damage and Block,2002
52288,Projectile Damage and Speed,2003
52407,Lightning Critical Strike Multiplier,2004
52412,Minion Life and Damage,2005
52423,Blind Chance,2006
52502,Elemental Damage,2007
52522,Mine Critical Strike Chance,2008
52632,Accuracy,2009
52655,Brand Duration,2010
52848,Wand Critical Strike Chance and Multiplier,2011
52904,Dexterity,2012
52919,Dexterity,2013
53002,"Armour, Evasion and Onslaught Effect",2014
53005,Freeze Chance,2015
53018,Brand Damage and Duration,2016
53072,Burning Damage Multiplier with Attacks,2017
53213,Dexterity,2018
53279,Intelligence,2019
53290,Chill Effect,2020
53292,Impale Effect,2021
53324,Evasion and Phasing,2022
53332,Slower Rage Decay,2023
53456,Intelligence,2024
53558,Shield Defences,2025
53574,Mark Cast Speed and Mana Cost,2026
53630,Attack Ignite Chance,2027
53667,Impale Effect,2028
53677,Minion Damage,2029
53732,Cold Damage Over Time Multiplier,2030
53793,Strength,2031
53809,Flask Duration,2032
53882,Flask and Tincture Effect,2033
53945,Staff Accuracy,2034
53957,Staff Critical Strike Chance and Multiplier,2035
53987,Warcry Duration and Buff Effect,2036
54043,Wand Elemental Damage and Penetration,2037
54144,Dual Wield Attack and Cast Speed and Block,2038
54267,Chaos Resistance and Minion Damage,2039
54338,Physical Damage,2040
54354,Sword Damage,2041
54396,Burning Damage Multiplier,2042
54447,WITCH,2043
54452,Increased Energy Shield Leeched,2044
54574,Trap Trigger Area,2045
54645,Lightning Critical Strike Multiplier,2046
54657,Cast Speed,2047
54667,Staff Block,2048
54862,Retaliation Skill Usable Duration,2049
54868,Bow Damage,2050
54872,Mana Leech Speed,2051
54880,Banner Area of Effect,2052
54954,Curse and Chaos Resistance,2053
54974,Trap Trigger Area,2054
55021,Stance Skill Cooldown Recovery,2055
55085,Armour and Evasion,2056
55166,Sword Damage and Attack Speed,2057
55247,Life and Energy Shield,2058
55307,Ignite Avoidance,2059
55332,Intelligence,2060
55373,Life and Strength,2061
55392,Armour and Evasion,2062
55414,Dagger Damage,2063
55420,Rage on Hit,2064
55558,Life on Kill against Cursed Enemies,2065
55563,Minion Life Regeneration,2066
55571,Aura Effect,2067
55643,Energy Shield,2068
55647,Lightning Damage,2069
55648,Totem Attack Speed,2070
55649,Strength,2071
55676,Life and Armour,2072
55743,Spell Block,2073
55750,Bow Critical Strike Chance and Multiplier,2074
55804,Life Recoup,2075
55854,Physical Damage,2076
55866,Elemental Damage and Resistances,2077
55880,Damage against Marked Enemy,2078
55906,Life Regeneration,2079
55913,Melee Damage,2080
55926,Staff Block,2081
55993,Elemental Damage,2082
56001,Strength,2083
56066,Wand Elemental Damage,2084
56090,Evasion and Energy Shield,2085
56149,Accuracy and Attack Damage,2086
56153,Spell Damage,2087
56158,Spell Damage per Power Charge,2088
56174,Dagger Damage and Attack Speed,2089
56186,Cold Damage Over Time Multiplier,2090
56231,Dual Wield Damage and Block,2091
56295,Intelligence,2092
56355,Melee Critical Strike Chance,2093
56370,Fortify on Melee Stun,2094
56381,Two Handed Melee Damage and Attack Speed,2095
56460,Melee Critical Strike Multiplier,2096
56509,Sword Damage and Block,2097
56589,Dexterity,2098
56646,Weapon Elemental Damage,2099
56659,Impale Effect,2100
56671,Chaos Damage and Withered Expiry Rate,2101
56803,Attack Speed,2102
56807,Block,2103
56814,Evasion,2104
56855,Bow Attack Speed and Phasing,2105
56920,Retaliation Skill Cooldown Recovery,2106
56982,Stun Threshold Reduction,2107
57011,Stun Duration per Endurance Charge,2108
57030,Poison Chance and Damage,2109
57044,Bleed Avoidance,2110
57061,Mana,2111
57080,Accuracy and Attack Speed,2112
57167,Mana and Arcane Surge Effect,2113
57226,Energy Shield and Mana,2114
57240,Mana and Flask Effect,2115
57248,Attack and Cast Speed,2116
57259,Mana Flask Charge Gain,2117
57264,Spell Damage and Mana,2118
57266,Mace Damage and Reduced Enemy Stun Threshold,2119
57283,Life Regeneration,2120
57362,Lightning Damage,2121
57404,Link Effect,2122
57449,Evasion per Frenzy Charge,2123
57457,Dual Wield Attack and Cast Speed,2124
57565,Link Mana Cost,2125
57615,Mine Throwing Speed,2126
57651,Aggravate Bleeding On Critical Strike Chance,2127
57736,Aura Effect,2128
57746,Chaos Resistance and Avoidance,2129
57819,Bow Attack Speed and Accuracy,2130
57923,Stun Duration,2131
57953,Axe Damage and Attack Speed,2132
57992,Warcry Buff Effect,2133
58031,Damage with Two Handed Weapons,2134
58069,One Handed Damage,2135
58210,Shield Spell Damage,2136
58214,Dual Wield Attack Speed and Block,2137
58244,Intelligence,2138
58271,Life and Elemental Ailment Avoidance,2139
58288,Totem Damage and Placement Speed,2140
58336,Banner Valour Gained,2141
58402,Intelligence,2142
58453,Elemental Damage,2143
58474,Physical Damage as Extra Cold Damage,2144
58541,Mace Damage and Attack Speed,2145
58545,Mana and Aura Area of Effect,2146
58603,Freeze Chance,2147
58604,Lightning Damage,2148
58649,Evasion and Energy Shield,2149
58763,Cold and Lightning Damage,2150
58803,Two Handed Melee Critical Strike Chance and Accuracy,2151
58833,Seven,2152
58854,Evasion,2153
58869,Curse Cast Speed,2154
58968,Chaos Damage Over Time Multiplier,2155
59005,Elemental Damage,2156
59009,Mana,2157
59016,Dual Wield Block and Attack Speed,2158
59070,Brand Range and Brand Recall Cooldown Recovery,2159
59220,Critical Strike Chance,2160
59252,Dexterity,2161
59306,Physical Damage,2162
59370,Dexterity,2163
59482,Life Regeneration,2164
59494,Accuracy and Critical Strike Chance,2165
59606,Dexterity,2166
59650,Energy Shield and Mana Regeneration,2167
59699,Energy Shield Leech,2168
59718,"Armour, Evasion and Life",2169
59728,Area of Effect Damage,2170
59833,Impale Chance,2171
59861,Life Regeneration,2172
59928,Strength,2173
60090,Energy Shield,2174
60145,Link Effect,2175
60153,Physical Attack Damage,2176
60169,Two Handed Melee Damage,2177
60204,Evasion and Spell Suppression,2178
60259,Evasion and Energy Shield,2179
60388,Mana,2180
60398,Intelligence,2181
60405,Spell Critical Strike Chance,2182
60440,Intelligence,2183
60472,Strength,2184
60529,Impale Chance,2185
60532,Movement Speed,2186
60554,Minion Damage,2187
60592,Accuracy and Critical Strike Chance,2188
60648,Mana Flasks,2189
60740,Staff Damage and Stun Duration,2190
60803,Evasion,2191
60887,Bleed Chance,2192
60942,Dexterity,2193
60949,Trap and Mine Damage,2194
60963,Banner Valour Gained,2195
60989,Herald Buff Effect,2196
61050,Sword Critical Strike Multiplier,2197
61217,Elemental Damage,2198
61262,Strength,2199
61264,Lightning Damage and Shock Chance,2200
61283,Mana on Kill against Cursed Enemies,2201
61306,Dexterity,2202
61320,Life and Energy Shield,2203
61327,Weapon Cold Damage,2204
61351,Stun Threshold Reduction,2205
61388,Impale Chance with Two Handed Weapons,2206
61471,Life,2207
61525,TEMPLAR,2208
61573,Tincture Effect,2209
61602,Warcry Speed,2210
61636,Melee Critical Strike Chance,2211
61653,Life and Energy Shield,2212
61804,Fire Damage,2213
61851,Effect of Non-Damaging Ailments,2214
61868,Armour,2215
61875,Life and Life on Kill,2216
61950,Mace Elemental Damage and Accuracy,2217
62017,Life and Armour,2218
62021,Life,2219
62042,Sword Damage,2220
62069,Elemental Damage,2221
62103,Projectile Damage and Dexterity,2222
62108,Life Leech and Attack Speed,2223
62109,Retaliation Skill Cooldown Recovery,2224
62214,Shield Spell Block and Elemental Resistances with a Shield,2225
62217,Wand Attack Speed and Accuracy,2226
62303,Mana and Reduced Mana Cost,2227
62319,Melee Damage,2228
62363,Strength,2229
62429,Strength,2230
62480,Curse Mana Cost,2231
62490,Poison Avoidance,2232
62530,Fortification Duration,2233
62662,Physical Damage,2234
62694,Attack Speed,2235
62697,Shock Chance,2236
62712,Projectile Damage,2237
62721,Tincture Effect,2238
62744,Spell Suppression,2239
62767,Spell Block and Elemental Resistances,2240
62795,Evasion and Energy Shield,2241
62831,Physical and Chaos Damage,2242
62879,Retaliation Skill Speed and Shield Spell Block,2243
62970,Shield Cast Speed,2244
63027,Exerted Attack Damage,2245
63039,Herald Buff Effect,2246
63048,Life and Armour,2247
63067,Wand Damage and Attack Speed,2248
63138,Spell Block and Elemental Resistances,2249
63139,Strength,2250
63194,Reservation Efficiency,2251
63228,Mana,2252
63282,Strength,2253
63306,Retaliation Skill Damage,2254
63398,Spell Critical Strike Chance,2255
63413,Impale Chance and Attack Speed,2256
63439,Dexterity,2257
63447,Intelligence,2258
63558,Spell Damage and Stun Recovery,2259
63618,Totem Damage and Placement Speed,2260
63639,Damage and Energy Shield,2261
63649,Dexterity,2262
63723,Strength,2263
63795,Dexterity,2264
63799,Life and Energy Shield,2265
63843,Dexterity,2266
63845,Cast Speed,2267
63963,Cold Damage,2268
63965,Damage and Mana,2269
64024,Sword Critical Strike Multiplier,2270
64181,Warcry Area of Effect,2271
64210,Intelligence,2272
64221,Armour,2273
64235,Evasion and Elemental Resistances,2274
64238,Retaliation Skill Area Of Effect,2275
64239,Wand Physical Damage,2276
64241,Freeze and Chill Avoidance,2277
64257,Retaliation Skill Speed,2278
64265,Aura Area of Effect,2279
64284,Stance Skill Cooldown Recovery,2280
64401,Life and Mana on Kill against Cursed Enemies,2281
64426,Elemental Resistances with a Shield,2282
64501,Evasion and Energy Shield,2283
64509,Dagger Ailment Damage,2284
64587,Life,2285
64612,Wand Lightning Damage,2286
64695,Attack Ignite Chance,2287
64709,Dexterity,2288
64769,Poison Chance,2289
64816,Two Handed Melee Damage and Leech,2290
64878,Weapon Elemental Damage,2291
64888,Tincture Effect,2292
65026,Lightning Resistance,2293
65033,Attack Speed,2294
65034,Life,2295
65112,Maximum Fortification,2296
65125,Warcry Duration,2297
65159,Totem Attack and Cast Speed,2298
65167,Life,2299
65203,Mana and Mana Regeneration,2300
65400,Warcry Cooldown Recovery and Exerted Attack Damage,2301
65427,Attack Speed,2302
65456,Knockback Distance,2303
65485,Armour per Endurance Charge,2304
65506,Strength,2305